ciudad;numero_lugares;numero_pares_query_positive;numero_pares_overlap_cero;porcentaje_global_overlap_cero;overlap_medio_global_ponderado;numero_lugares_overlap_medio_cero;20_lugares_mayor_overlap_medio;20_lugares_menor_overlap_medio
amman;835;3520;2089;59,34659090909091;0,07525611218372964;419;place_823: 0.817902 | place_584: 0.485691 | place_609: 0.457174 | place_618: 0.440716 | place_807: 0.425114 | place_651: 0.374148 | place_401: 0.368445 | place_200: 0.363854 | place_594: 0.352028 | place_183: 0.347840 | place_653: 0.331175 | place_237: 0.327480 | place_654: 0.326799 | place_405: 0.326275 | place_234: 0.325851 | place_243: 0.321592 | place_640: 0.306817 | place_245: 0.306189 | place_647: 0.305893 | place_407: 0.301054;place_0: 0.000000 | place_1: 0.000000 | place_2: 0.000000 | place_3: 0.000000 | place_5: 0.000000 | place_6: 0.000000 | place_7: 0.000000 | place_9: 0.000000 | place_10: 0.000000 | place_13: 0.000000 | place_14: 0.000000 | place_15: 0.000000 | place_17: 0.000000 | place_18: 0.000000 | place_19: 0.000000 | place_20: 0.000000 | place_21: 0.000000 | place_22: 0.000000 | place_23: 0.000000 | place_24: 0.000000
amsterdam;1873;14366;5082;35,37519142419602;0,11334905962980424;328;place_194: 0.944025 | place_327: 0.889464 | place_337: 0.674213 | place_192: 0.655730 | place_1840: 0.655036 | place_1025: 0.613050 | place_185: 0.602908 | place_1446: 0.554704 | place_212: 0.528987 | place_46: 0.521319 | place_318: 0.516271 | place_202: 0.514454 | place_356: 0.500241 | place_196: 0.491539 | place_1125: 0.489757 | place_884: 0.483615 | place_1529: 0.482990 | place_1830: 0.481732 | place_351: 0.476194 | place_245: 0.475465;place_2: 0.000000 | place_3: 0.000000 | place_50: 0.000000 | place_51: 0.000000 | place_58: 0.000000 | place_60: 0.000000 | place_67: 0.000000 | place_68: 0.000000 | place_170: 0.000000 | place_173: 0.000000 | place_175: 0.000000 | place_180: 0.000000 | place_223: 0.000000 | place_298: 0.000000 | place_330: 0.000000 | place_331: 0.000000 | place_332: 0.000000 | place_333: 0.000000 | place_368: 0.000000 | place_378: 0.000000
austin;14182;443861;142749;32,16074401670793;0,1947496850206263;1840;place_12247: 0.953274 | place_9777: 0.944101 | place_10986: 0.926789 | place_6092: 0.853269 | place_5555: 0.841850 | place_11372: 0.840896 | place_11011: 0.840359 | place_11005: 0.830751 | place_5546: 0.825907 | place_10837: 0.824049 | place_5221: 0.803542 | place_7315: 0.800607 | place_10870: 0.794746 | place_3272: 0.782804 | place_11015: 0.778539 | place_11326: 0.778041 | place_12829: 0.774834 | place_12246: 0.764085 | place_5207: 0.751504 | place_11357: 0.747754;place_115: 0.000000 | place_116: 0.000000 | place_142: 0.000000 | place_147: 0.000000 | place_148: 0.000000 | place_189: 0.000000 | place_209: 0.000000 | place_225: 0.000000 | place_276: 0.000000 | place_369: 0.000000 | place_370: 0.000000 | place_371: 0.000000 | place_372: 0.000000 | place_373: 0.000000 | place_374: 0.000000 | place_375: 0.000000 | place_376: 0.000000 | place_403: 0.000000 | place_404: 0.000000 | place_407: 0.000000
bangkok;39895;812591;374401;46,0749626811028;0,08649937293124542;9309;place_34266: 0.876113 | place_26069: 0.838808 | place_34082: 0.833824 | place_34131: 0.823039 | place_37518: 0.815987 | place_8994: 0.806477 | place_37497: 0.802311 | place_8995: 0.799917 | place_22598: 0.797918 | place_8992: 0.794919 | place_34246: 0.794510 | place_8996: 0.788531 | place_13475: 0.784651 | place_33813: 0.780844 | place_34227: 0.775702 | place_18345: 0.772969 | place_33775: 0.768581 | place_39349: 0.765552 | place_36614: 0.753713 | place_8993: 0.748483;place_28: 0.000000 | place_32: 0.000000 | place_39: 0.000000 | place_191: 0.000000 | place_192: 0.000000 | place_194: 0.000000 | place_195: 0.000000 | place_198: 0.000000 | place_205: 0.000000 | place_214: 0.000000 | place_249: 0.000000 | place_250: 0.000000 | place_251: 0.000000 | place_252: 0.000000 | place_261: 0.000000 | place_262: 0.000000 | place_263: 0.000000 | place_264: 0.000000 | place_265: 0.000000 | place_266: 0.000000
berlin;27715;218450;101554;46,48844129091325;0,07932774509107705;5917;place_25919: 0.921012 | place_16236: 0.862225 | place_25711: 0.824053 | place_24944: 0.806098 | place_20586: 0.775338 | place_21179: 0.771014 | place_17795: 0.748852 | place_20584: 0.731823 | place_9336: 0.712644 | place_21182: 0.712340 | place_27037: 0.689150 | place_21180: 0.673839 | place_20220: 0.669953 | place_4629: 0.669288 | place_27038: 0.657026 | place_22916: 0.650131 | place_24132: 0.644226 | place_22044: 0.634406 | place_4902: 0.634391 | place_21592: 0.627088;place_76: 0.000000 | place_77: 0.000000 | place_87: 0.000000 | place_89: 0.000000 | place_96: 0.000000 | place_100: 0.000000 | place_154: 0.000000 | place_155: 0.000000 | place_156: 0.000000 | place_157: 0.000000 | place_158: 0.000000 | place_160: 0.000000 | place_161: 0.000000 | place_162: 0.000000 | place_163: 0.000000 | place_172: 0.000000 | place_197: 0.000000 | place_198: 0.000000 | place_199: 0.000000 | place_203: 0.000000
boston;6485;127059;51422;40,47096230884865;0,10799264969387232;911;place_6444: 0.666786 | place_6208: 0.631342 | place_6443: 0.578171 | place_5437: 0.578082 | place_6207: 0.576646 | place_936: 0.572507 | place_6419: 0.541646 | place_6420: 0.541617 | place_2368: 0.525998 | place_6206: 0.517037 | place_6442: 0.502581 | place_2861: 0.498626 | place_3403: 0.492782 | place_2923: 0.491091 | place_3638: 0.481192 | place_1205: 0.479818 | place_6544: 0.474839 | place_3404: 0.463997 | place_4913: 0.462248 | place_5449: 0.461304;place_45: 0.000000 | place_46: 0.000000 | place_47: 0.000000 | place_48: 0.000000 | place_49: 0.000000 | place_50: 0.000000 | place_51: 0.000000 | place_52: 0.000000 | place_53: 0.000000 | place_54: 0.000000 | place_55: 0.000000 | place_56: 0.000000 | place_57: 0.000000 | place_58: 0.000000 | place_103: 0.000000 | place_104: 0.000000 | place_105: 0.000000 | place_107: 0.000000 | place_108: 0.000000 | place_109: 0.000000
budapest;45721;983708;464213;47,19012145880688;0,0927363753726745;5883;place_32129: 0.953018 | place_21785: 0.813253 | place_25657: 0.759209 | place_14850: 0.751665 | place_21773: 0.737821 | place_44207: 0.728213 | place_19471: 0.724483 | place_29123: 0.698945 | place_21771: 0.682211 | place_44211: 0.680556 | place_40542: 0.667889 | place_11586: 0.667297 | place_25024: 0.658508 | place_3132: 0.652810 | place_11566: 0.638558 | place_44199: 0.634820 | place_6746: 0.633633 | place_33312: 0.622114 | place_16674: 0.619789 | place_3120: 0.607822;place_27: 0.000000 | place_32: 0.000000 | place_33: 0.000000 | place_34: 0.000000 | place_35: 0.000000 | place_36: 0.000000 | place_37: 0.000000 | place_44: 0.000000 | place_45: 0.000000 | place_46: 0.000000 | place_47: 0.000000 | place_48: 0.000000 | place_49: 0.000000 | place_50: 0.000000 | place_52: 0.000000 | place_53: 0.000000 | place_55: 0.000000 | place_64: 0.000000 | place_70: 0.000000 | place_72: 0.000000
goa;5362;21967;4508;20,52169162835162;0,17659474085598234;566;place_3878: 0.848810 | place_645: 0.810036 | place_710: 0.804934 | place_653: 0.782090 | place_2050: 0.781208 | place_4153: 0.777549 | place_1413: 0.763070 | place_640: 0.754012 | place_693: 0.751898 | place_1380: 0.751162 | place_2185: 0.742012 | place_2640: 0.741495 | place_1598: 0.725632 | place_2619: 0.723574 | place_2175: 0.722461 | place_3079: 0.702801 | place_2857: 0.697458 | place_3274: 0.695178 | place_842: 0.685479 | place_5210: 0.679655;place_8: 0.000000 | place_13: 0.000000 | place_37: 0.000000 | place_46: 0.000000 | place_52: 0.000000 | place_55: 0.000000 | place_56: 0.000000 | place_58: 0.000000 | place_59: 0.000000 | place_60: 0.000000 | place_61: 0.000000 | place_62: 0.000000 | place_63: 0.000000 | place_64: 0.000000 | place_78: 0.000000 | place_143: 0.000000 | place_144: 0.000000 | place_145: 0.000000 | place_146: 0.000000 | place_151: 0.000000
helsinki;14169;226758;130121;57,3832014746999;0,06922506889984567;3214;place_11453: 0.647005 | place_9688: 0.642832 | place_11451: 0.624967 | place_11446: 0.622915 | place_11450: 0.620333 | place_11445: 0.616779 | place_11452: 0.613095 | place_8932: 0.610523 | place_11447: 0.610017 | place_11448: 0.605439 | place_11455: 0.583651 | place_10463: 0.581175 | place_11449: 0.578635 | place_7087: 0.575404 | place_11454: 0.571170 | place_7615: 0.565841 | place_7618: 0.560305 | place_9689: 0.552996 | place_8570: 0.547967 | place_7703: 0.547066;place_18: 0.000000 | place_21: 0.000000 | place_24: 0.000000 | place_25: 0.000000 | place_26: 0.000000 | place_30: 0.000000 | place_32: 0.000000 | place_51: 0.000000 | place_52: 0.000000 | place_53: 0.000000 | place_54: 0.000000 | place_56: 0.000000 | place_57: 0.000000 | place_58: 0.000000 | place_59: 0.000000 | place_61: 0.000000 | place_62: 0.000000 | place_63: 0.000000 | place_64: 0.000000 | place_65: 0.000000
london;2655;19711;6026;30,57176196032672;0,10766394290955526;353;place_78: 0.625315 | place_912: 0.617874 | place_913: 0.479057 | place_1978: 0.444129 | place_2413: 0.443721 | place_1060: 0.443319 | place_79: 0.442582 | place_1769: 0.441238 | place_1061: 0.440392 | place_2285: 0.435977 | place_1574: 0.431965 | place_1756: 0.424715 | place_98: 0.421255 | place_914: 0.418228 | place_2350: 0.416104 | place_1553: 0.412586 | place_1029: 0.407452 | place_1759: 0.406413 | place_1024: 0.403845 | place_1241: 0.396088;place_0: 0.000000 | place_1: 0.000000 | place_2: 0.000000 | place_3: 0.000000 | place_4: 0.000000 | place_5: 0.000000 | place_27: 0.000000 | place_31: 0.000000 | place_32: 0.000000 | place_33: 0.000000 | place_34: 0.000000 | place_35: 0.000000 | place_38: 0.000000 | place_85: 0.000000 | place_117: 0.000000 | place_118: 0.000000 | place_119: 0.000000 | place_120: 0.000000 | place_121: 0.000000 | place_122: 0.000000
manila;5370;30763;8880;28,86584533368007;0,12068091303146317;517;place_678: 0.720683 | place_459: 0.687864 | place_643: 0.650165 | place_444: 0.614486 | place_3418: 0.600704 | place_570: 0.598607 | place_1483: 0.597810 | place_485: 0.582948 | place_1608: 0.574154 | place_703: 0.546903 | place_843: 0.541067 | place_501: 0.530883 | place_571: 0.526820 | place_836: 0.519556 | place_837: 0.515941 | place_1486: 0.509761 | place_437: 0.499117 | place_1725: 0.498245 | place_758: 0.497341 | place_576: 0.494307;place_60: 0.000000 | place_199: 0.000000 | place_370: 0.000000 | place_371: 0.000000 | place_372: 0.000000 | place_373: 0.000000 | place_374: 0.000000 | place_375: 0.000000 | place_376: 0.000000 | place_377: 0.000000 | place_378: 0.000000 | place_379: 0.000000 | place_380: 0.000000 | place_381: 0.000000 | place_382: 0.000000 | place_383: 0.000000 | place_509: 0.000000 | place_684: 0.000000 | place_722: 0.000000 | place_727: 0.000000
melbourne;88031;1903782;447828;23,52307144410442;0,17043414423733072;10503;place_63656: 0.991457 | place_63655: 0.990098 | place_63654: 0.989547 | place_63025: 0.989531 | place_63658: 0.989338 | place_63691: 0.989004 | place_63721: 0.988918 | place_63718: 0.988677 | place_63713: 0.988615 | place_63726: 0.988574 | place_63024: 0.988522 | place_63723: 0.988465 | place_63657: 0.987697 | place_63711: 0.987041 | place_63021: 0.986397 | place_63653: 0.985892 | place_63028: 0.985681 | place_63712: 0.985626 | place_63722: 0.985533 | place_63720: 0.985466;place_0: 0.000000 | place_3: 0.000000 | place_18: 0.000000 | place_19: 0.000000 | place_20: 0.000000 | place_21: 0.000000 | place_22: 0.000000 | place_23: 0.000000 | place_35: 0.000000 | place_36: 0.000000 | place_39: 0.000000 | place_40: 0.000000 | place_41: 0.000000 | place_42: 0.000000 | place_43: 0.000000 | place_44: 0.000000 | place_45: 0.000000 | place_46: 0.000000 | place_47: 0.000000 | place_48: 0.000000
moscow;77050;1900506;597819;31,45578072365991;0,12281787066062591;11696;place_70507: 0.965354 | place_75253: 0.957010 | place_68726: 0.949557 | place_4597: 0.944752 | place_70617: 0.938024 | place_33496: 0.930735 | place_70619: 0.927853 | place_70621: 0.926227 | place_70618: 0.924248 | place_69273: 0.923888 | place_33497: 0.922524 | place_71624: 0.913322 | place_69259: 0.911427 | place_70620: 0.910111 | place_33498: 0.909501 | place_69260: 0.906000 | place_69267: 0.905990 | place_69266: 0.902474 | place_69258: 0.901676 | place_69271: 0.899029;place_391: 0.000000 | place_597: 0.000000 | place_598: 0.000000 | place_600: 0.000000 | place_601: 0.000000 | place_602: 0.000000 | place_604: 0.000000 | place_736: 0.000000 | place_737: 0.000000 | place_742: 0.000000 | place_743: 0.000000 | place_755: 0.000000 | place_763: 0.000000 | place_764: 0.000000 | place_782: 0.000000 | place_790: 0.000000 | place_791: 0.000000 | place_792: 0.000000 | place_793: 0.000000 | place_794: 0.000000
nairobi;415;1725;158;9,159420289855072;0,18943471113347818;10;place_215: 0.859625 | place_305: 0.842994 | place_213: 0.709331 | place_120: 0.702511 | place_92: 0.693129 | place_304: 0.664812 | place_315: 0.628477 | place_119: 0.562268 | place_43: 0.532991 | place_85: 0.524373 | place_112: 0.510962 | place_309: 0.510509 | place_307: 0.471102 | place_77: 0.457563 | place_15: 0.435949 | place_116: 0.412829 | place_48: 0.401160 | place_218: 0.397161 | place_50: 0.391069 | place_70: 0.384791;place_40: 0.000000 | place_41: 0.000000 | place_331: 0.000000 | place_333: 0.000000 | place_338: 0.000000 | place_339: 0.000000 | place_356: 0.000000 | place_398: 0.000000 | place_404: 0.000000 | place_418: 0.000000 | place_400: 0.000069 | place_415: 0.000121 | place_337: 0.000153 | place_346: 0.000163 | place_348: 0.000200 | place_336: 0.000377 | place_82: 0.000556 | place_332: 0.001047 | place_60: 0.001841 | place_363: 0.002247
ottawa;51594;405051;196129;48,42081614413988;0,09701858927051103;15280;place_32796: 0.997717 | place_44254: 0.976902 | place_23916: 0.965862 | place_21949: 0.965671 | place_24332: 0.950707 | place_24355: 0.948402 | place_16025: 0.947576 | place_35396: 0.939111 | place_503: 0.938534 | place_40847: 0.933501 | place_42694: 0.920725 | place_32247: 0.914089 | place_32996: 0.909080 | place_33501: 0.901269 | place_32249: 0.893998 | place_35397: 0.892500 | place_24184: 0.873439 | place_22144: 0.864761 | place_22395: 0.864182 | place_23612: 0.858975;place_3: 0.000000 | place_5: 0.000000 | place_7: 0.000000 | place_8: 0.000000 | place_9: 0.000000 | place_10: 0.000000 | place_11: 0.000000 | place_12: 0.000000 | place_13: 0.000000 | place_15: 0.000000 | place_16: 0.000000 | place_17: 0.000000 | place_18: 0.000000 | place_19: 0.000000 | place_20: 0.000000 | place_21: 0.000000 | place_22: 0.000000 | place_23: 0.000000 | place_28: 0.000000 | place_30: 0.000000
paris;8347;145328;45317;31,182566332709456;0,12426782586514651;1224;place_845: 0.812426 | place_844: 0.774993 | place_843: 0.770013 | place_842: 0.760431 | place_841: 0.612247 | place_7701: 0.599671 | place_7816: 0.592468 | place_7702: 0.584039 | place_944: 0.579291 | place_8052: 0.575846 | place_324: 0.558273 | place_7815: 0.526706 | place_7812: 0.525496 | place_5384: 0.517085 | place_4932: 0.509259 | place_5385: 0.503341 | place_7703: 0.494264 | place_4926: 0.483726 | place_2143: 0.482290 | place_4992: 0.477454;place_241: 0.000000 | place_257: 0.000000 | place_272: 0.000000 | place_282: 0.000000 | place_290: 0.000000 | place_348: 0.000000 | place_349: 0.000000 | place_350: 0.000000 | place_351: 0.000000 | place_352: 0.000000 | place_353: 0.000000 | place_354: 0.000000 | place_357: 0.000000 | place_358: 0.000000 | place_359: 0.000000 | place_360: 0.000000 | place_361: 0.000000 | place_363: 0.000000 | place_365: 0.000000 | place_367: 0.000000
phoenix;50152;652468;213555;32,73034079832268;0,15920892619955213;6651;place_43904: 0.972564 | place_24890: 0.969471 | place_36169: 0.948600 | place_46537: 0.946931 | place_49280: 0.946547 | place_3333: 0.936405 | place_5669: 0.930315 | place_48327: 0.925774 | place_48259: 0.924710 | place_11723: 0.919333 | place_3796: 0.916092 | place_3760: 0.911876 | place_6586: 0.907686 | place_13866: 0.904603 | place_14470: 0.897004 | place_13864: 0.895448 | place_10849: 0.889735 | place_3120: 0.886539 | place_48112: 0.885440 | place_47051: 0.884731;place_83: 0.000000 | place_84: 0.000000 | place_85: 0.000000 | place_94: 0.000000 | place_95: 0.000000 | place_96: 0.000000 | place_97: 0.000000 | place_98: 0.000000 | place_99: 0.000000 | place_100: 0.000000 | place_101: 0.000000 | place_102: 0.000000 | place_103: 0.000000 | place_104: 0.000000 | place_105: 0.000000 | place_106: 0.000000 | place_107: 0.000000 | place_108: 0.000000 | place_109: 0.000000 | place_110: 0.000000
saopaulo;18967;188036;93626;49,79152928162692;0,09186949580742715;5419;place_6704: 0.875783 | place_2919: 0.860068 | place_17659: 0.854149 | place_4517: 0.777401 | place_4008: 0.773291 | place_50: 0.768517 | place_15182: 0.750815 | place_314: 0.737782 | place_5770: 0.723456 | place_4512: 0.709139 | place_5899: 0.703890 | place_16789: 0.703062 | place_4507: 0.701324 | place_17668: 0.695838 | place_179: 0.686070 | place_180: 0.672940 | place_17665: 0.669411 | place_150: 0.668610 | place_473: 0.666521 | place_17637: 0.663886;place_154: 0.000000 | place_209: 0.000000 | place_235: 0.000000 | place_236: 0.000000 | place_237: 0.000000 | place_239: 0.000000 | place_242: 0.000000 | place_385: 0.000000 | place_390: 0.000000 | place_391: 0.000000 | place_392: 0.000000 | place_393: 0.000000 | place_394: 0.000000 | place_395: 0.000000 | place_396: 0.000000 | place_397: 0.000000 | place_398: 0.000000 | place_399: 0.000000 | place_400: 0.000000 | place_401: 0.000000
tokyo;25677;388157;113767;29,309531967734706;0,1504530990789055;3053;place_25637: 0.829412 | place_25633: 0.813687 | place_60: 0.779179 | place_22629: 0.767979 | place_16199: 0.764528 | place_11385: 0.759783 | place_5956: 0.755325 | place_25386: 0.749099 | place_10548: 0.747946 | place_17098: 0.735965 | place_11838: 0.735856 | place_22960: 0.735810 | place_14401: 0.726307 | place_23104: 0.718244 | place_10017: 0.717871 | place_11837: 0.693922 | place_10037: 0.690051 | place_67: 0.686663 | place_11839: 0.685847 | place_12707: 0.681585;place_153: 0.000000 | place_154: 0.000000 | place_169: 0.000000 | place_173: 0.000000 | place_174: 0.000000 | place_192: 0.000000 | place_193: 0.000000 | place_195: 0.000000 | place_196: 0.000000 | place_197: 0.000000 | place_198: 0.000000 | place_203: 0.000000 | place_211: 0.000000 | place_212: 0.000000 | place_213: 0.000000 | place_222: 0.000000 | place_223: 0.000000 | place_224: 0.000000 | place_225: 0.000000 | place_226: 0.000000
toronto;7227;44426;12052;27,128258227164274;0,11403192658041646;1180;place_6372: 0.977182 | place_7096: 0.844522 | place_6451: 0.840281 | place_5942: 0.827502 | place_2272: 0.821010 | place_7039: 0.784933 | place_5741: 0.784000 | place_6508: 0.780409 | place_7122: 0.761754 | place_7222: 0.754636 | place_7106: 0.751418 | place_6797: 0.749678 | place_7050: 0.718606 | place_6044: 0.701731 | place_4871: 0.693612 | place_6752: 0.690110 | place_6208: 0.666305 | place_6846: 0.656440 | place_5892: 0.653560 | place_7171: 0.648622;place_140: 0.000000 | place_141: 0.000000 | place_144: 0.000000 | place_160: 0.000000 | place_161: 0.000000 | place_162: 0.000000 | place_166: 0.000000 | place_167: 0.000000 | place_179: 0.000000 | place_180: 0.000000 | place_181: 0.000000 | place_182: 0.000000 | place_183: 0.000000 | place_187: 0.000000 | place_188: 0.000000 | place_189: 0.000000 | place_190: 0.000000 | place_221: 0.000000 | place_229: 0.000000 | place_230: 0.000000
trondheim;4105;37196;12892;34,65964082159372;0,12220770376429158;681;place_3133: 0.808718 | place_342: 0.773279 | place_3373: 0.744263 | place_3389: 0.739683 | place_929: 0.678243 | place_1498: 0.659582 | place_2885: 0.651406 | place_1190: 0.625693 | place_1191: 0.601442 | place_211: 0.593418 | place_706: 0.583901 | place_212: 0.581495 | place_705: 0.581228 | place_1192: 0.576059 | place_1495: 0.574936 | place_1194: 0.573812 | place_1195: 0.572959 | place_1216: 0.572603 | place_1207: 0.571864 | place_1196: 0.571170;place_0: 0.000000 | place_2: 0.000000 | place_4: 0.000000 | place_5: 0.000000 | place_6: 0.000000 | place_7: 0.000000 | place_8: 0.000000 | place_10: 0.000000 | place_11: 0.000000 | place_14: 0.000000 | place_15: 0.000000 | place_17: 0.000000 | place_18: 0.000000 | place_19: 0.000000 | place_20: 0.000000 | place_21: 0.000000 | place_22: 0.000000 | place_55: 0.000000 | place_69: 0.000000 | place_70: 0.000000
zurich;1734;9515;3338;35,08145034156595;0,1082666116905595;371;place_1497: 0.938189 | place_1498: 0.937726 | place_1453: 0.924321 | place_1734: 0.803345 | place_1737: 0.722347 | place_1736: 0.655006 | place_179: 0.613614 | place_183: 0.595722 | place_438: 0.595658 | place_1751: 0.569439 | place_1740: 0.569139 | place_1738: 0.563869 | place_1735: 0.542515 | place_2065: 0.539373 | place_192: 0.516062 | place_180: 0.492985 | place_318: 0.472087 | place_2068: 0.466132 | place_1496: 0.462188 | place_1739: 0.459607;place_2: 0.000000 | place_3: 0.000000 | place_4: 0.000000 | place_26: 0.000000 | place_27: 0.000000 | place_28: 0.000000 | place_29: 0.000000 | place_31: 0.000000 | place_32: 0.000000 | place_34: 0.000000 | place_35: 0.000000 | place_38: 0.000000 | place_39: 0.000000 | place_40: 0.000000 | place_41: 0.000000 | place_42: 0.000000 | place_43: 0.000000 | place_44: 0.000000 | place_45: 0.000000 | place_46: 0.000000
